study_hours,session_duration,breaks_taken,subject_difficulty,time_of_day,productivity_score,session_completed
2.9722543368741774,89.27431906162963,5.0,medium,evening,99.62790129583273,1
3.9380300860284123,67.43972746070571,2.0,easy,morning,100.0,1
4.04747383580872,66.09188085514923,3.0,medium,evening,100.0,1
2.4709480865655307,56.35084147728803,5.0,hard,afternoon,76.06531840354415,1
3.930315298682119,20.0,5.0,hard,afternoon,76.67362856064375,0
3.5316123692309653,48.94130163554565,0.0,easy,afternoon,100.0,1
3.0476962905850993,85.96183436489945,1.0,easy,afternoon,100.0,1
3.5063657670180173,81.00896671072564,,medium,morning,100.0,1
3.6678828702859114,60.25317527891421,1.0,easy,morning,100.0,1
2.256727549106366,63.451729754378725,3.0,hard,evening,79.11660716710212,0
2.7861843835625715,64.23967393584154,3.0,easy,afternoon,92.26575604542244,1
3.3870061933510986,46.16207911586026,5.0,medium,morning,77.80232136737972,0
3.676569691407458,72.16081357342108,0.0,medium,afternoon,96.69137129177027,1
3.9615660850793764,67.51640477766264,8.0,medium,evening,87.85426641377961,1
4.248035558235372,58.667265101608436,4.0,easy,evening,100.0,1
2.997078609267447,73.09895472520857,5.0,medium,morning,94.61639868175078,1
2.7986172097851134,67.35484997182287,4.0,medium,morning,86.99616470497946,0
2.131425550232333,87.88900859382187,1.0,medium,evening,99.77406407415388,1
3.5777356895882844,57.36408657473603,3.0,hard,morning,98.60595645054457,1
3.5873667933453546,50.197482879085165,3.0,medium,afternoon,,0
3.2236394747868875,76.375125087825,1.0,medium,morning,100.0,1
2.065778731391549,59.755341007032385,4.0,medium,evening,69.49999702505154,0
2.9410359698902355,28.386409191141514,3.0,medium,afternoon,65.33580731961898,0
3.133122414690007,63.080371162376046,4.0,medium,evening,96.46248119591858,1
2.7250184572185887,55.58922432580839,4.0,medium,afternoon,82.32857867588709,0
1.5603064531489859,55.166063738429706,3.0,medium,morning,65.47775626125282,0
3.0161525783702214,36.577840471618714,3.0,hard,afternoon,73.18198804107689,0
2.5358423495561726,69.98256835303474,2.0,easy,afternoon,91.40809689905973,1
3.5133584850439106,82.80519133237529,1.0,medium,evening,100.0,1
1.4848425090367319,79.37311563785606,1.0,hard,morning,85.83843906742062,1
2.5849010847371345,55.32915690380502,,easy,evening,62.30894666505671,0
2.143780539561925,69.19003073837717,0.0,medium,night,82.07919003092456,0
3.054771918568574,58.324167171230734,0.0,hard,afternoon,100.0,1
1.118778767477296,61.63680248371502,2.0,hard,morning,63.6452760019734,0
0.5736289886041692,43.49864651754419,,medium,evening,41.74071977173234,0
3.272428406102459,57.948193120991185,2.0,easy,evening,97.89833459888652,0
4.5484095860299565,72.5548568218733,,easy,afternoon,100.0,1
3.898434475848621,79.17392890184652,2.0,medium,afternoon,100.0,1
3.6485832344268934,57.36396329624663,2.0,easy,evening,99.52395962852592,1
2.4071392186437435,48.12959500024334,2.0,medium,evening,70.97820418482766,0
2.0967302339450677,44.76279334430405,3.0,easy,morning,67.7535310030314,0
3.5777744117334986,69.67917291913645,6.0,hard,afternoon,82.46170496583909,0
1.1222183708620892,55.18199399819911,5.0,hard,afternoon,55.70935040565129,0
2.8490173177918656,81.25799961494766,1.0,easy,morning,93.62315882647601,1
1.2161300779442892,52.353937351608295,3.0,easy,night,65.44284858459298,0
3.482021710956422,20.0,3.0,medium,evening,75.41728363505182,0
3.171530622421096,60.293824651508714,1.0,hard,evening,98.73834270825223,1
3.116661373292307,88.5131042954277,2.0,easy,evening,100.0,1
3.353322853498102,74.31787980625032,5.0,medium,afternoon,87.23541833047156,0
4.282126264641055,79.64921772690477,2.0,medium,evening,100.0,1
2.5453484583709862,103.45607208479849,1.0,medium,morning,93.62481634100347,1
3.4581072696363258,81.4458505659399,2.0,hard,morning,100.0,1
2.4628280144716768,37.055982682647944,0.0,easy,afternoon,72.46793783223481,0
3.1950962544020043,83.23704410031878,2.0,medium,night,100.0,1
2.9798996229488472,42.701227575201024,3.0,easy,evening,71.72620031935543,0
3.691400222053492,47.140682790873214,4.0,easy,morning,79.02962412764101,0
3.7033598519072077,94.55983480072399,0.0,easy,afternoon,100.0,1
0.6573440751347769,84.28278204850785,4.0,medium,evening,64.1222153602419,0
3.278549444254095,50.51710366100928,4.0,hard,afternoon,76.72342172552813,0
2.9402440430642276,58.56328435195512,3.0,easy,evening,91.02497415049284,1
1.044398143613759,49.793694842551155,3.0,hard,afternoon,60.51936778570193,0
1.4162807590803626,46.55811935472402,3.0,medium,evening,46.991578916325054,0
,75.08522649289033,4.0,hard,night,100.0,1
2.509511165236639,33.98262283820056,0.0,hard,night,82.30026157719429,0
3.203573556834241,88.77838183171046,4.0,easy,evening,94.05574812169525,1
4.353140815106863,72.58201218918705,5.0,easy,afternoon,100.0,1
2.902026861595961,71.32411170888403,1.0,easy,evening,100.0,1
,82.8848318827478,1.0,easy,afternoon,100.0,1
2.1320114521567004,54.177609182083394,1.0,hard,afternoon,75.31188968029468,0
3.4431258806467895,78.03815724092176,3.0,hard,afternoon,100.0,1
1.991311234252641,51.66301246992529,2.0,medium,morning,66.28261155433078,0
1.990404480488697,55.429513167110734,8.0,hard,morning,46.40659523624954,0
2.769854685982687,57.88516240362487,3.0,medium,afternoon,79.75333061993317,1
4.463069046319606,75.58626672279951,1.0,easy,afternoon,100.0,1
1.9599327125674812,41.084230482679594,3.0,medium,evening,71.82305454666873,0
3.113289742581501,32.29758063931662,2.0,medium,morning,67.6510540696988,0
4.421503043012098,91.4689485101101,0.0,medium,afternoon,,1
2.48641437904185,47.500490735300886,,medium,afternoon,75.42673160740407,0
4.422663751939062,76.32922268585743,1.0,easy,afternoon,100.0,1
3.224887284067585,63.44433654002055,4.0,easy,morning,80.37920868789732,0
2.9112988643106963,78.62316182040156,1.0,easy,afternoon,100.0,1
1.1171335455153988,54.86130132229655,1.0,medium,evening,72.44911511893807,0
,28.969158579136547,5.0,medium,evening,55.69106550178706,0
2.870046699257906,56.27631677287894,1.0,hard,morning,72.8684454854169,0
,62.98388152413061,1.0,hard,night,,0
3.719835082938854,49.380354968938086,4.0,medium,morning,91.67556608238607,1
3.4307498181411575,80.56150246633325,1.0,medium,evening,100.0,1
3.331635918494342,75.84688372798635,3.0,easy,afternoon,94.60921570379512,1
4.961373614242377,73.18395469501846,4.0,easy,morning,100.0,1
1.0242377779175322,44.8058191073241,,medium,afternoon,43.37706687405593,0
,77.52162741302628,1.0,medium,evening,82.86545462668575,0
2.65091578626278,61.17483709181189,3.0,easy,evening,72.55238877114118,0
4.0477635885405565,66.81167130181224,3.0,easy,afternoon,100.0,1
0.9833160781331645,81.92001597732117,5.0,easy,evening,,0
2.92311856656998,71.32407439366781,1.0,medium,morning,,1
1.9723647100653683,37.91553720832118,0.0,hard,night,73.77148984264404,0
3.4699427407547,56.471677660543264,4.0,medium,evening,97.68272200201442,1
2.413262120354983,50.23034658180968,4.0,medium,morning,69.92358604796831,0
2.841573407972586,46.77057945119422,1.0,easy,night,90.57178858278856,0
3.1631761739544233,96.35970503470904,5.0,hard,morning,100.0,1
2.072384193069661,79.58992666392082,1.0,medium,afternoon,94.8240416641384,1
2.693331357542106,51.79287027675137,8.0,medium,morning,51.89306867393143,0
2.694218961804,57.50977262428716,1.0,medium,morning,87.45814014973523,1
2.6914174990586854,40.47210370466459,5.0,medium,evening,70.33467279428484,0
3.224083655442607,89.15219740382868,1.0,hard,morning,100.0,1
3.169699798565785,92.49803022845259,2.0,hard,night,100.0,1
3.438654035798248,71.23547079362702,2.0,easy,evening,100.0,1
3.2233137037442923,95.87292213645294,1.0,medium,morning,100.0,1
1.675923958425912,34.40619405052256,4.0,medium,night,55.069914028378065,0
4.049430760461118,92.56694851377851,4.0,medium,night,100.0,1
3.618099733250556,82.77024818031825,5.0,easy,morning,100.0,1
1.8284351457747252,62.11576078892122,,hard,afternoon,76.2886092651901,1
3.804847779260148,63.493544753824835,1.0,hard,evening,100.0,1
2.894311083558119,61.372623202225604,0.0,medium,morning,100.0,1
0.903195589887005,33.59257535419667,1.0,easy,afternoon,61.76695562237193,0
1.5985747547049345,44.13632763616486,3.0,hard,afternoon,59.39429822550647,0
2.1685192405322464,60.706146013181645,4.0,hard,afternoon,66.49307611543378,0
2.1669676206602717,63.2065450282594,4.0,hard,evening,88.59431137347448,1
2.465649743810407,73.13592346358014,0.0,medium,afternoon,93.00603023096548,1
2.2157346720766298,45.235772416110876,5.0,medium,night,64.04327789741158,0
3.2015489421508905,68.00589235049598,2.0,hard,morning,94.84263832447968,1
1.70435767501821,53.51605380320305,1.0,medium,night,62.69767148037659,0
3.77282052191878,53.84479333870751,3.0,hard,afternoon,89.16538567359497,1
3.299403412390274,45.24870223867092,4.0,medium,afternoon,78.82280070642086,0
,57.34039067991534,2.0,medium,evening,,0
2.334844499176215,83.79698699001875,4.0,medium,evening,96.15362522951932,1
2.694420172927997,77.83814570694763,3.0,easy,morning,92.6980701675137,1
2.1450469965731758,46.454724036405764,6.0,medium,morning,70.03643250156087,0
3.06807253186772,85.494046631947,0.0,easy,evening,100.0,1
2.408595220273869,62.328364112268446,2.0,hard,evening,89.44392358213285,1
2.1579624957649597,85.29844888123581,1.0,hard,morning,99.95591729612872,1
4.175493105942505,82.03275048543648,0.0,medium,evening,100.0,1
2.116877930567869,54.84275428609144,,hard,afternoon,46.55606336805312,0
3.9287507106019386,64.9594683106603,1.0,hard,afternoon,100.0,1
4.471397885989785,63.10704961370543,4.0,hard,evening,100.0,1
3.1654191305551125,35.683265616883,,hard,night,64.426654961253,0
2.596450794336111,54.901490488478615,4.0,medium,evening,69.55126969945415,0
1.5797282420134147,55.727673692121634,3.0,medium,morning,51.34790935206624,0
2.1372170867304536,45.195228105768365,4.0,medium,afternoon,60.45301038718867,0
2.152835540778505,27.28017506099334,4.0,easy,evening,,0
1.581207966507706,46.571244674691,2.0,easy,morning,57.58376951339164,0
0.5,30.41281636100094,3.0,hard,afternoon,54.37317150624048,0
4.286443880392486,87.52591801007837,1.0,medium,morning,100.0,1
0.5,60.96034854345787,2.0,hard,afternoon,49.33101964215704,0
3.377964744357387,62.955753238336506,2.0,medium,evening,100.0,1
3.579520332083308,83.96353938830036,3.0,easy,morning,100.0,1
3.168604423680517,58.57397816359546,2.0,medium,morning,100.0,1
3.290702207957442,62.5439082125201,1.0,medium,morning,89.0343811539922,0
2.535485541014712,79.12616868884723,2.0,medium,morning,100.0,1
1.9192674908205676,39.28242902287351,1.0,easy,evening,67.18928734310495,0
3.295857763170812,65.62661279486338,5.0,hard,afternoon,93.05694621114807,1
0.5,26.95422468511088,7.0,medium,night,35.37775717359318,0
3.14548718795812,69.64142510308086,0.0,easy,evening,100.0,1
2.9754961854324997,59.083382060115454,6.0,hard,morning,75.39424791352982,0
3.8394558812288615,86.17262311949457,2.0,hard,afternoon,100.0,1
1.4413280716776196,32.869155607787505,1.0,medium,evening,63.37127745487058,0
1.929455572262085,47.6912867138043,4.0,hard,morning,61.9613240666156,0
2.701570061690927,77.74400037338806,3.0,medium,afternoon,90.86809115843177,1
2.0279393458065873,69.8819568993852,4.0,medium,morning,71.96466919427561,0
2.1916076598519427,71.94587708559396,2.0,hard,afternoon,85.48242281490545,1
3.3435799120050693,62.47446121717691,2.0,medium,morning,100.0,1
2.8542715374594136,99.52398760934548,3.0,medium,evening,100.0,1
2.5590884998276056,107.67901599101951,2.0,easy,morning,100.0,1
,58.650880463350994,0.0,medium,night,100.0,1
3.902864638561862,55.53350928949378,6.0,medium,night,90.79155647825341,1
3.3350742281953814,68.70418737318077,2.0,hard,morning,100.0,1
1.4440917952889465,45.93718739101027,5.0,easy,evening,52.33447990600242,0
2.9723179601244336,53.92837142035093,4.0,hard,evening,91.42736714392915,1
2.6718828889008797,69.93880165963137,2.0,medium,afternoon,87.30375860150626,0
1.277316143537046,42.40624016011697,5.0,medium,morning,52.89258340370251,0
2.734600286587873,20.0,2.0,medium,evening,72.65009531533384,0
3.640630611347893,48.318648534593784,7.0,easy,afternoon,75.76561422445855,0
3.4721439240698735,54.86747249134726,3.0,medium,evening,87.39673009269328,0
3.0468768097154273,86.3080079499705,0.0,hard,evening,,1
2.8938881028556747,65.25493531264432,5.0,hard,afternoon,82.88058593490149,0
2.7111171756633095,32.00913068778698,2.0,medium,evening,81.31748234650829,0
2.1529145477149525,42.5281552437972,3.0,medium,afternoon,56.48380823034258,0
,39.194356418158314,7.0,easy,afternoon,48.758877794157264,0
3.013183956792406,81.53417225952315,0.0,easy,morning,100.0,1
4.0208294565138045,77.14879938722255,2.0,medium,night,100.0,1
1.682015131100159,69.49693904613201,6.0,hard,morning,63.96673967755511,0
4.311843783218433,83.9694235236352,3.0,hard,morning,100.0,1
3.011766142662979,44.37279359699035,5.0,easy,afternoon,60.14389824786798,0
4.3352026385865985,67.44205602363796,6.0,easy,evening,92.97092728412366,1
3.5168202681414424,58.83644761562282,0.0,medium,morning,100.0,1
2.4541365678700915,70.40320362786956,1.0,medium,afternoon,82.20369256988191,0
3.155619802120415,20.0,2.0,easy,morning,49.86266714808997,0
2.419396324583922,33.93643639919749,4.0,medium,afternoon,66.313643745893,0
3.8611036881035687,71.75705826249195,2.0,medium,afternoon,100.0,1
2.5130219733182755,88.92073224558534,2.0,medium,evening,100.0,1
3.651514589186099,79.14780739339106,,medium,morning,100.0,1
1.081852050809414,99.00409029692563,3.0,medium,afternoon,93.0058374959967,1
2.556431828246411,75.13794742207693,2.0,hard,afternoon,95.20673667523079,1
,41.346522481628114,7.0,easy,afternoon,48.52640188230144,0
1.3990324779506846,35.37259250705358,6.0,hard,night,57.996905429698224,0
1.9526452519223765,54.863140458225224,5.0,medium,evening,69.0680317231523,0
3.2460954265107245,20.0,8.0,hard,evening,48.35846150769248,0
4.020317390687811,54.67376435201886,3.0,hard,afternoon,,0
3.4526595178804205,64.82498842904445,3.0,hard,afternoon,100.0,1
1.9252185843545913,24.10044258906575,2.0,medium,evening,59.34277232515058,0
3.0410554236500764,51.34361748191345,4.0,easy,afternoon,72.5851373736565,0
3.8485553626859033,83.93056433844038,5.0,easy,afternoon,99.69535147538582,1
2.952858295226121,84.13011025643222,2.0,hard,evening,100.0,1
2.9967891963823847,78.94574940119635,3.0,hard,night,99.43383895506751,1
3.512687334909436,81.6146841915701,6.0,easy,morning,98.63196555817964,1
3.2434748485199245,90.90548353165957,3.0,hard,morning,100.0,1
1.142692124499354,49.3098143131089,6.0,hard,afternoon,52.23820623329788,0
4.404342432123937,49.97294236933817,2.0,hard,afternoon,100.0,1
1.1652911942291404,44.96525245940877,4.0,medium,morning,46.44587216878296,0
2.0529271082130616,71.26575972346744,1.0,medium,evening,100.0,1
2.38790159949823,44.33996026891805,4.0,hard,evening,69.76330249699964,0
0.5,85.45832383537746,1.0,hard,afternoon,61.90823971085674,0
5.100344960621983,86.24074016040711,0.0,medium,evening,100.0,1
3.424476251317012,98.66295835204919,,medium,night,99.44139778384985,1
3.5407798653047937,65.94086018650438,1.0,medium,morning,100.0,1
1.3160803064677589,44.98799801997194,4.0,medium,afternoon,53.55979175706494,0
3.3470334825222796,70.55074037300135,4.0,medium,morning,99.02237232479082,1
0.6902178644352323,51.227422758678806,2.0,easy,evening,61.690325203718636,0
2.330763432475367,76.44559495109361,3.0,easy,morning,94.6022096563855,1
3.391678220277033,77.27679125462102,5.0,hard,afternoon,99.13246424224506,1
0.5,53.554852280288785,3.0,medium,morning,43.163365299207484,0
3.534044565385402,68.33837145134048,2.0,medium,night,100.0,1
2.4044769735509877,73.65720119190661,4.0,medium,afternoon,82.28740890957603,1
,75.71172040416884,3.0,medium,morning,79.86714724472937,0
2.8952014853069015,84.83308022658345,3.0,medium,evening,97.3461334836786,1
2.1792718110916915,76.25231444537167,7.0,easy,afternoon,60.93042953858623,0
3.3287094328769795,70.94348255159444,4.0,medium,night,90.527909811747,1
2.245272438151559,48.93388068704734,1.0,medium,afternoon,67.05467083911498,0
3.1692123108084607,66.90566412029894,6.0,medium,afternoon,87.48032179242131,1
2.962828764222205,65.81867290837477,5.0,hard,morning,89.64065867984917,1
1.5688184322993286,28.81707038500157,2.0,medium,evening,51.44201417060949,0
3.0717502638851277,66.26918023175962,1.0,hard,evening,100.0,1
2.962585926778487,55.846887917865004,3.0,easy,evening,79.00809333664614,0
2.5086151550518445,78.25235533457274,,medium,morning,94.5229084036999,1
2.556664654361447,50.30418671352132,2.0,medium,afternoon,78.83324031502178,0
2.174956695022786,53.42130311327285,2.0,easy,afternoon,84.93944565367008,0
1.2559884795418124,65.87544440303094,3.0,easy,evening,60.258178149987124,0
3.394293205059656,62.93796601181688,2.0,medium,night,100.0,1
1.5918615723813643,44.84017523943745,,hard,afternoon,60.20826421927605,0
2.7283919108008026,40.36924763935264,2.0,easy,evening,80.11370309225464,0
2.9258140630248497,26.15919804714016,4.0,medium,afternoon,67.21610917156272,0
1.8921028667046464,54.44880957300843,5.0,medium,evening,54.03858635198175,0
3.9215117510573,70.48666362817814,0.0,hard,evening,100.0,1
3.8268818992838733,71.38506987194499,1.0,medium,morning,100.0,1
1.868671807171149,56.46877725398463,3.0,easy,evening,55.176910886855275,0
2.7433453230208973,38.97588345370279,3.0,easy,night,73.0581992632961,0
1.7008767227657635,25.470856652232612,3.0,medium,morning,59.77432115393212,0
4.353954869386919,20.0,0.0,hard,morning,98.4278536985921,0
2.2537889087989895,37.482303197364274,6.0,easy,morning,64.07254547129345,0
0.9553192031510472,31.710188623281518,4.0,medium,afternoon,47.750830501429306,0
2.5972859768400647,52.28412159981862,8.0,easy,morning,60.20150857021147,0
4.735630657198786,94.72877388811389,1.0,medium,afternoon,,1
3.2481922313619926,68.31191145926753,4.0,medium,afternoon,92.64752227218315,1
3.1231095208038218,64.58508849605728,1.0,medium,morning,,1
2.761509323566115,26.539405942760265,3.0,easy,evening,,0
0.9195602887086891,54.25735550674367,1.0,easy,morning,66.04458020706323,0
4.508855949510071,40.99532366341143,0.0,hard,morning,100.0,1
4.477366481674025,82.93334289554389,3.0,medium,afternoon,100.0,1
3.4484504413007318,51.01342218320405,5.0,medium,night,90.15899099136898,1
2.8121169343208567,33.00441004976636,3.0,hard,night,67.38311810132143,0
2.63455297452459,57.81000691482165,2.0,medium,afternoon,94.26155309929302,1
2.505851280554717,81.07496117425062,4.0,hard,evening,78.3658541985121,0
2.067255897707355,35.07974143097407,4.0,medium,night,64.73944624630785,0
1.5933900616885353,20.0,5.0,easy,evening,,0
1.953654460824667,44.49256782151478,1.0,medium,afternoon,67.18076793905361,0
2.6932001595136463,65.7788421902323,1.0,hard,evening,100.0,1
4.18126519531413,76.71380506012419,,medium,morning,100.0,1
2.631542470119583,52.85080430900899,3.0,hard,morning,79.96087111336873,0
5.055182702404059,56.746300663242586,0.0,easy,morning,100.0,1
0.5,46.74313710025979,5.0,medium,evening,29.912765789293257,0
1.8425687147440184,31.892672070978378,3.0,hard,morning,63.737509476779174,0
2.3755175106054214,44.14334952217608,1.0,hard,morning,68.8941403381625,0
3.579466578285159,63.78017810289956,3.0,hard,evening,100.0,1
,60.484901884628194,4.0,hard,afternoon,81.75477705646212,0
2.9843159162187582,51.142953301650685,,easy,afternoon,100.0,1
2.6612561085028554,59.51227936827613,3.0,medium,night,83.80358538264255,0
0.8900948549472636,23.962850890812103,3.0,medium,afternoon,47.53665663741204,0
2.937998238626214,73.59263582610893,5.0,hard,evening,95.56035851225856,1
2.3347489303722333,27.422404102863744,3.0,medium,evening,67.3988649187706,0
3.8492832601976645,91.3427213937367,3.0,medium,evening,100.0,1
3.0050202099165704,90.82339427828005,4.0,medium,afternoon,94.79971812294197,1
4.110635537670728,67.41471779780606,0.0,easy,morning,100.0,1
3.125655330281245,37.45805668157176,3.0,easy,afternoon,78.07139226546633,0
2.00287114685333,45.5780024134427,3.0,hard,evening,67.32623508710613,0
2.093963305107015,49.034947155320616,6.0,hard,morning,51.04688598361935,0
4.064771686451423,73.31177312855003,1.0,easy,afternoon,100.0,1
2.4673749309800304,47.86958527536984,3.0,medium,afternoon,69.9165043700213,0
1.629368139591968,50.137184418329,2.0,easy,afternoon,71.6483850652935,0
2.016986062171483,45.39904502369938,3.0,hard,evening,67.69144066536776,0
1.8128207816991286,61.244422617752086,3.0,hard,afternoon,78.55567884740707,1
3.5635605843864817,88.52903477668492,0.0,medium,evening,100.0,1
4.0154716736903895,77.76388153152,1.0,medium,night,100.0,1
4.372852112530832,74.04314378473927,3.0,medium,night,100.0,1
3.042515269092189,47.539209069409814,1.0,easy,night,87.28241075651529,0
0.7468090393779179,48.332168325834516,5.0,easy,afternoon,53.2359559822313,0
1.275806416957624,64.13942817144378,3.0,hard,afternoon,68.39331656956467,0
4.100329014473178,35.972015627801504,1.0,hard,morning,94.28880767602455,1
2.586600174353836,72.84839820966616,3.0,medium,afternoon,89.4153298188577,0
1.824522374720507,59.87399950883856,5.0,medium,afternoon,72.76951505143246,0
2.2613962870744055,44.25268048096858,,easy,morning,,0
2.9493957686471997,76.62269627147624,1.0,medium,night,91.16924737959849,1
1.7485370550906065,75.00000366383297,4.0,medium,morning,64.99146705195362,0
2.4725836033045816,66.10016277868083,4.0,medium,afternoon,69.71656682543846,0
1.99040368464374,56.49094953969589,3.0,hard,afternoon,82.23065199447416,0
3.590817038420162,80.09172163424162,1.0,easy,morning,100.0,1
0.5712689215374787,85.06504460941929,2.0,medium,morning,,1
2.8300680959898723,45.12801440184281,3.0,medium,night,68.40901771270666,0
4.395424353896882,62.185309446147066,1.0,medium,morning,100.0,1
3.3495037606090934,59.89371304776569,2.0,medium,morning,99.846809027699,1
2.683612198571651,84.63725694043633,2.0,easy,morning,93.33709712845257,1
2.562499681057749,58.96102871294815,1.0,medium,morning,88.82382715841281,1
3.442320708308328,88.5353043620871,4.0,medium,night,99.19461292789074,1
2.8581175695735475,87.46141830389969,1.0,medium,night,100.0,1
3.9269158101891257,35.84615847103857,4.0,medium,afternoon,96.07595639557327,1
2.02544243904245,38.04929382298786,4.0,medium,afternoon,59.27637432500808,0
2.011856187529181,54.15983080490794,2.0,medium,morning,76.9374413639325,0
2.2693474586054947,59.675394516184106,4.0,medium,evening,74.29848373009345,0
1.6457258832897304,57.33191924526282,3.0,easy,morning,59.89565651110884,0
1.8941322067764572,97.03806549216532,3.0,easy,morning,97.56350129153664,1
2.054639512829909,59.22361831518129,2.0,easy,afternoon,81.0242148975749,0
3.468658890885282,72.3341987338831,0.0,medium,evening,100.0,0
3.0522026024584448,69.30123783885581,2.0,hard,morning,88.27467433147407,0
3.0069941788427217,64.59547949036137,3.0,medium,evening,,0
2.1742301570603146,62.83492807496882,3.0,easy,evening,92.19859070490435,1
3.7785485829914602,68.03383002283353,3.0,hard,afternoon,91.63491573007852,1
5.169347422384183,83.31825537940834,2.0,easy,morning,100.0,1
2.484202371572368,69.89386492997797,2.0,easy,morning,95.13710983933514,0
1.593953224825479,61.26848540882814,4.0,medium,afternoon,62.29738992467405,0
3.845421182722583,84.73990923507783,1.0,easy,morning,100.0,1
3.063248843709313,40.0617215061519,2.0,easy,evening,85.70141518749458,0
3.3093046890236995,91.82559099176214,2.0,hard,evening,97.04482579025019,1
2.468579018554854,58.58935955514051,3.0,medium,morning,81.5437334798165,0
1.1776216059557645,54.57606946271536,4.0,easy,evening,70.68874639458345,1
1.8029102298163107,70.96521785674483,1.0,easy,night,81.03555514544566,1
2.1518724200563106,69.71563392817238,4.0,hard,morning,81.43002322545541,0
1.7253830070096012,54.5046359660477,1.0,hard,night,70.70727034828325,0
2.5950648959231644,73.2742416152274,0.0,hard,evening,100.0,1
2.551551410176539,93.09866706793838,1.0,easy,evening,100.0,1
4.007539257832513,58.67174275541852,5.0,medium,night,98.84631535943923,1
3.20011763948371,73.50579659252912,1.0,medium,night,100.0,1
0.9950390914713337,40.68489791420765,3.0,hard,evening,51.26113352130247,0
1.1399458348033518,23.866531450245926,2.0,medium,morning,61.6826619430681,0
1.9102129826845136,62.148370367028285,3.0,medium,evening,68.26194332436869,0
1.9678983908700347,50.151280575160065,5.0,easy,night,60.218450252759254,0
0.9822031448125578,58.927885288550904,,hard,evening,58.11536187161002,0
2.410645473624345,48.10949261458396,2.0,easy,evening,65.06491223720738,0
3.69964265380581,64.29268533212186,2.0,easy,morning,100.0,1
4.387454092410624,70.50109257882755,3.0,easy,morning,100.0,1
1.5775916286856484,65.08625298338174,4.0,hard,morning,65.85150019040115,0
4.551150373962498,58.32743369729907,0.0,easy,afternoon,,1
3.1589473781837523,29.691715905769573,4.0,medium,evening,65.33029087944165,0
2.162308055483204,28.292416120611925,4.0,easy,morning,52.181826001362865,0
,57.203203442010874,2.0,medium,morning,100.0,1
2.0990012304120054,42.420950745719104,6.0,medium,morning,54.064669702660936,0
1.6704187599906755,49.64827535987232,3.0,medium,night,72.48999813717614,0
2.534673650695718,39.99352170607708,4.0,hard,evening,61.07315953709579,0
2.109773267223919,56.54629525634799,1.0,hard,evening,80.67864906035572,0
2.0918858119442856,86.36419691707401,2.0,medium,morning,97.88222256224145,0
2.744525218052205,65.31295174202229,1.0,easy,morning,89.88377558878797,0
2.1807104810053084,42.15024534374336,2.0,easy,afternoon,64.26867515677745,0
,43.47584897272337,5.0,medium,afternoon,80.94942933130972,0
1.6676418417841947,63.820803616162216,4.0,easy,afternoon,67.44281061213499,1
3.122541246595524,32.50621739822483,5.0,medium,morning,72.31137043918828,0
1.8275325533581968,20.0,6.0,easy,afternoon,51.06803637226933,0
0.9356224096128846,40.45556588619027,8.0,medium,morning,33.035459838430675,0
2.2603045620700883,41.87233528453127,5.0,medium,morning,55.57681110236977,0
4.354204963042207,76.2970900308994,3.0,easy,afternoon,100.0,1
2.7015345484137074,27.69441870742132,4.0,medium,evening,77.92941749868496,0
2.419078658685847,27.059856495385652,1.0,hard,afternoon,67.0118179970094,0
3.678336637524342,95.95587777866133,3.0,medium,evening,100.0,1
1.7051082490631737,38.54141080128258,8.0,hard,morning,43.55308357537704,0
2.625593712786322,67.19958825032664,2.0,medium,afternoon,98.42433389727888,1
3.431702539698096,42.387185422327114,3.0,medium,evening,80.74716543188171,0
1.8982738052205892,43.10377404632257,5.0,hard,morning,49.501068781212865,0
2.6292280550880505,20.0,2.0,easy,morning,70.46183333939896,0
3.9650705822636048,83.77408176029407,2.0,easy,morning,100.0,1
1.6810983798734485,59.86612161108567,2.0,hard,morning,74.45419614158344,0
0.9725934730055698,50.49591752269192,6.0,easy,morning,44.88495499729323,0
3.2220534304929336,71.07121725878856,3.0,medium,morning,99.65600840596133,1
2.9413625549579554,64.18550824811086,2.0,medium,evening,95.31450336422256,1
2.6565565055335423,52.225841132871686,3.0,easy,evening,81.54686020996694,0
3.0183663829700715,57.93466950135989,2.0,medium,evening,81.37607543398906,0
3.4193567111846708,60.07475560427509,5.0,medium,night,100.0,1
2.215552425814241,40.417482986404224,2.0,hard,evening,77.65036643695166,0
1.9940954893662055,75.03475104877523,1.0,easy,evening,79.18830962406476,0
3.102090968121927,64.36772236767187,7.0,medium,evening,86.72329003682783,1
4.138734467131041,85.43775779900629,1.0,medium,night,100.0,1
1.8792855412695832,49.12673218205688,4.0,easy,morning,58.43647805329216,0
4.525274299212156,80.37590778323353,4.0,hard,evening,100.0,1
3.5779136166435817,67.78039282538334,1.0,easy,afternoon,100.0,1
1.0521298074170968,26.19892772220551,2.0,hard,afternoon,49.55875811933113,0
3.2516488036928517,47.32001347552839,3.0,medium,evening,85.00772587784505,0
1.6382335140012383,79.46819254713539,1.0,medium,morning,88.06552950243403,1
,33.27415326424304,3.0,hard,morning,76.99099487466695,0
3.6751079600872334,70.09526541420956,1.0,medium,afternoon,100.0,1
2.235734377407485,43.94028799431636,2.0,medium,evening,64.31694621664568,0
3.0247645559822334,28.147899399949484,3.0,easy,evening,71.15428858066005,0
1.0599718266673546,49.01746365387209,0.0,easy,morning,70.67798251016305,0
3.9652854859748254,75.07513189891179,3.0,easy,afternoon,100.0,1
3.3405323110538396,95.68697766552204,0.0,easy,evening,100.0,1
1.0743225074754876,47.612922754527176,2.0,easy,morning,44.64571861384117,0
0.5,22.401376006341795,5.0,medium,afternoon,38.22562573564787,0
2.804956204608625,77.27129586868605,4.0,medium,night,91.97937828331655,1
3.2444593026356436,74.54822588841257,3.0,hard,afternoon,100.0,1
2.9145789348132647,68.55939053021373,4.0,medium,night,86.88060712782432,1
2.8339731022030685,91.68375196726826,0.0,medium,morning,98.10938135403703,1
3.004014608932663,78.05045034249171,,hard,night,100.0,1
4.35988060825329,37.5493768078232,4.0,medium,evening,93.41954178072575,0
1.9265034095130955,40.62227679117848,2.0,medium,evening,67.86693162092608,0
3.5483911564310358,75.04333825356498,5.0,hard,afternoon,100.0,1
4.090905334607984,71.23006531365527,2.0,medium,morning,100.0,1
3.3944503804663917,73.57011285557725,0.0,medium,afternoon,100.0,1
3.1747618659637187,69.54940493593311,3.0,hard,evening,100.0,1
,42.11256498860853,2.0,medium,afternoon,66.15963382527418,0
3.488627499346846,81.34355668992174,0.0,hard,evening,100.0,1
3.242184172682528,74.0025833341122,2.0,hard,afternoon,,1
4.0705705843797615,86.97948853215203,2.0,hard,afternoon,100.0,1
2.410412731389591,83.98750600918002,2.0,hard,night,99.56565747111111,1
,75.10902223641774,1.0,easy,afternoon,100.0,1
3.0046155185945804,68.83572744291249,6.0,easy,morning,86.33844035588504,0
2.0214000475037226,53.83522619196501,1.0,easy,evening,73.1006813047565,0
2.552526411513912,78.67495494847485,2.0,hard,morning,90.5860849278579,1
2.039974204205738,65.97402149230969,5.0,hard,morning,76.68196615821479,0
3.524899040852459,47.5108455485222,3.0,medium,evening,90.08820760112759,1
0.8229820029670225,52.31730310134854,0.0,medium,morning,63.85578739925192,0
3.330420806375205,40.980828710819374,3.0,hard,morning,79.20553577899257,0
2.290443898788489,34.134652092921215,8.0,easy,evening,52.45959406857215,0
3.509708059385343,48.417881660370654,,medium,night,,0
3.778872027315024,75.80173434442473,2.0,medium,morning,100.0,1
1.4795827558940424,48.87245661666444,4.0,hard,afternoon,59.48885996293262,0
2.9265151898618518,55.84074160518372,5.0,easy,morning,74.57638927944262,0
1.9609562901172044,40.62019885222927,2.0,medium,evening,74.96589758663882,0
3.5739615165449785,41.58481087436397,,medium,afternoon,82.59618094787463,0
4.3742161669414354,48.27512590838317,5.0,hard,morning,84.60727001501886,0
,41.44925166088307,5.0,easy,morning,,0
1.653979689802068,47.73952598328557,5.0,medium,morning,64.48802908987192,0
,42.119116428566905,2.0,hard,morning,65.18385599334034,0
3.294314008989182,58.63321961356228,5.0,easy,morning,,0
4.548279764650717,85.40600131817412,1.0,medium,evening,100.0,1
2.063501626675542,59.107782700860874,1.0,easy,morning,92.66080085907771,1
2.7036734577578727,29.272405408463197,7.0,medium,morning,61.01196664970641,0
,92.05931101225302,4.0,medium,afternoon,100.0,1
3.117457603083857,88.35446806027797,,medium,morning,100.0,1
2.7147457338350547,62.653393408338005,1.0,easy,evening,,1
,60.90571079184765,2.0,medium,evening,99.54601123059406,1
3.7514696310699787,73.95613196601421,3.0,easy,morning,96.19993976753506,1
2.047403991229251,72.84407424620072,2.0,hard,evening,87.11107276867442,1
1.4899755489241835,66.60531283889866,4.0,medium,night,65.89603563347285,0
2.1314016457088703,74.98190444377323,4.0,medium,evening,81.82465696247924,1
2.47925863695452,73.02630641213905,0.0,medium,morning,99.86388354663382,1
4.862072912946113,85.04244741571114,1.0,medium,morning,100.0,1
3.746330645902182,50.09655660374193,2.0,medium,morning,93.82263241025315,1
2.520070891822203,37.16998940892016,,hard,morning,65.4663343856132,0
1.055068447708515,61.48835014875683,2.0,medium,afternoon,58.26904994938547,0
2.4693714735974512,65.03756832760412,6.0,medium,morning,65.69951113135795,0
3.3027791567942812,83.92246668341669,2.0,medium,evening,,1
3.35623571634214,77.19451238075673,1.0,medium,morning,100.0,1
2.0738124292617264,64.49012195169111,3.0,medium,morning,74.08512988996938,1
2.8848067851608574,36.975179054742554,2.0,medium,morning,77.76478511142825,0
1.4031366740882123,59.728271815443506,,hard,afternoon,43.857446542867606,0
1.3853410975568876,72.11424839454112,2.0,medium,afternoon,68.76606361932913,0
2.6642477636793207,68.21262772918396,6.0,medium,evening,54.4123262387054,0
3.451140069771204,54.796223396452575,4.0,hard,morning,89.6331158015918,1
3.208367906327181,72.1307004520457,3.0,easy,morning,100.0,1
1.5407852068898011,34.97572774064331,4.0,medium,night,53.86412771722506,0
1.2080753973340626,46.57541301967692,5.0,easy,evening,53.2971561929027,0
2.1522705486625875,56.89143578013786,3.0,medium,afternoon,71.13198533588276,0
2.589969074728054,59.64157970551634,4.0,easy,evening,87.83969027676557,0
3.0631999795454985,75.34430775671379,0.0,hard,afternoon,100.0,1
2.323789703576613,32.85649696883516,3.0,medium,afternoon,68.93975838266292,0
2.5934379652050463,42.315005890316804,2.0,hard,night,79.41778903496213,0
2.706711644293207,58.80232025876536,4.0,hard,morning,76.07334366254445,0
3.269511843142938,65.06109708479654,0.0,easy,night,,1
2.160322697262556,59.80185494967486,4.0,medium,morning,67.91865596342736,0
2.684886379239565,42.77475963511192,4.0,hard,afternoon,66.32717889790264,0
3.1970417097390134,71.86085501018474,4.0,hard,evening,92.06315173644717,1
2.671013964555766,73.17130968299023,1.0,easy,afternoon,98.63687843312564,1
4.428213798940367,82.46222709937314,2.0,easy,afternoon,100.0,1
3.6102166540398524,60.967294795182276,1.0,hard,evening,100.0,1
2.3316697076302533,71.87977742249248,2.0,hard,evening,94.29308274259023,1
3.477351001731857,78.76434548166542,2.0,hard,morning,100.0,1
1.3624661545224397,70.66348744927217,4.0,easy,night,63.39726488156119,0
3.467549076858248,42.54083143880934,3.0,hard,morning,83.47129555109457,0
2.398031017928828,36.982130742387916,1.0,medium,morning,71.05054738889427,0
3.5424761351086382,71.56608694436007,2.0,medium,afternoon,100.0,1
,43.86954129558812,0.0,hard,evening,78.73515893083632,0
3.1553669593213045,29.06473177660807,5.0,medium,evening,,0
3.1366274156418625,37.13144885729113,4.0,medium,morning,70.64991095313387,0
3.925121166292016,37.073633946652414,,hard,morning,91.8555073350943,0
1.6705961762849353,64.24912345124328,5.0,medium,night,59.54792102138755,0
3.2591588855569444,52.28459811171503,1.0,hard,afternoon,98.37116955257862,1
3.941514318770361,77.46856203785084,1.0,easy,morning,100.0,1
2.6337479372472976,77.34260258304622,3.0,easy,afternoon,97.84864444461736,1
3.0630235021398526,42.39691898144308,3.0,medium,afternoon,72.24378621252791,0
3.060793520822053,50.82665980607366,5.0,hard,morning,68.20106128922806,0
2.8017070681531795,58.31747173540879,8.0,hard,morning,61.803821869551186,0
,61.248721460193565,4.0,easy,evening,72.29999496428235,0
4.35636006439648,47.96510310972674,3.0,medium,morning,92.18636402090274,0
3.6612896163475677,49.10935995313316,4.0,hard,morning,90.71694363986627,1
2.820296443220496,82.93490312961713,1.0,medium,afternoon,93.23905612428145,1
3.6958329051098135,89.01238125628454,3.0,easy,afternoon,100.0,1
2.4288945667800594,44.05525486090847,6.0,hard,morning,65.98574901952924,0
3.459977491057139,54.27385051071637,6.0,medium,evening,78.19168475462267,0
3.853590356247113,95.74446655738575,1.0,easy,night,100.0,1
3.803816385961742,65.6660048395395,2.0,hard,morning,100.0,1
,56.11671264117791,1.0,hard,evening,100.0,1
2.8505329282526004,50.89912860012577,1.0,medium,night,96.55734081659742,1
2.049307925713409,40.56966650099422,1.0,easy,afternoon,77.47750149273406,0
3.2162944978106003,76.81011150847944,2.0,hard,afternoon,100.0,1
3.308524728052425,63.47463868071404,3.0,medium,morning,100.0,1
1.9911742009790996,71.58437108556588,4.0,easy,evening,78.81714511847912,0
1.6079627767641682,79.17581504097042,3.0,medium,morning,85.81376946366318,1
2.715644760693733,39.02206688671741,3.0,hard,afternoon,88.24727024602606,0
0.9480281804516428,39.862068928547515,3.0,medium,evening,60.4528629355947,0
2.84600577818773,67.93222028033601,0.0,medium,evening,91.8160079356862,0
4.083096185100998,71.47342146976415,6.0,hard,morning,97.95156201206089,1
2.4852856037493103,20.0,5.0,medium,morning,54.05180816900364,0
2.9498934912322547,49.823368676079106,5.0,easy,night,68.55946377608421,0
4.0129340390302985,69.42400698771934,0.0,medium,morning,100.0,1
2.5335873809815705,45.32562690871464,4.0,hard,afternoon,66.56362386553586,0
1.3735203579757713,40.27773430586382,4.0,medium,morning,56.514407220758926,0
2.302294892607441,69.6339825674496,4.0,hard,morning,85.62213793855202,1
2.554977426571467,77.23177047259153,3.0,medium,morning,91.03432808535217,1
1.626833007231336,47.7917837334641,7.0,hard,evening,54.842934686805634,0
1.5712259107831246,70.86805078090933,3.0,medium,afternoon,62.24110934121189,0
4.1901258502673775,64.10786937731085,3.0,hard,afternoon,100.0,1
2.8535288073227525,60.51114143104318,2.0,medium,evening,97.01847602893403,1
2.343904756072943,66.32004730365179,2.0,medium,morning,72.65752231479864,0
4.547404138410426,72.79198242747486,2.0,easy,night,100.0,1
2.359971633436716,34.579295341232545,1.0,medium,afternoon,78.65399388689025,0
2.498590761906902,90.5861717205106,1.0,medium,evening,100.0,1
3.4378353686902963,74.8935911845632,4.0,hard,morning,97.7184053532878,0
3.709352770988757,84.1546320091314,2.0,easy,afternoon,100.0,1
,36.64751280375784,7.0,medium,afternoon,52.537496952765736,0
3.764905167141804,65.94224141107799,1.0,hard,afternoon,100.0,1
2.488978380498189,30.051201102324534,,medium,night,60.92862770813858,0
1.3923292350649548,41.064849709868966,2.0,medium,evening,,0
1.8749721470969627,39.88838036399594,2.0,hard,morning,72.9407290933788,0
3.7840313821476843,58.53197267073249,3.0,medium,afternoon,94.70352392982272,1
4.2656778722261635,45.41358212515289,4.0,easy,night,79.91302545807592,0
3.0818024453451507,44.32612706882453,4.0,medium,evening,69.02136056489638,0
3.2473454927747403,42.599553124835275,6.0,hard,evening,74.90547963239891,0
1.9613072479644473,70.73980179365932,5.0,easy,morning,68.5144414610576,0
0.97707762961699,46.164547741449255,1.0,easy,evening,62.97435759680802,0
1.7360268038227296,48.69650727232338,,hard,morning,58.55469357026916,0
,73.15842071290868,1.0,easy,afternoon,100.0,1
3.7171745311373465,71.33073555083735,0.0,easy,evening,100.0,1
3.5339907097284353,62.38196454116567,2.0,medium,afternoon,100.0,1
3.579072727701206,102.33248815907405,2.0,easy,morning,100.0,1
3.707295959578916,50.57534257903892,,medium,morning,86.0852422590879,0
3.2974286921258114,42.05473626432734,,hard,evening,80.09797562111126,0
0.5,54.77742421438483,7.0,hard,evening,48.47083586699938,0
1.6778327271943674,61.43534519174544,,medium,afternoon,80.78135458840872,1
2.3376668603228183,40.04507959818255,1.0,hard,morning,77.35979571830676,0
3.1520828702993082,107.50599062121077,1.0,medium,afternoon,100.0,1
3.771301569689314,74.20400295602118,,hard,afternoon,100.0,1
2.7185958227810674,56.11083070977537,0.0,medium,morning,90.4099147741663,0
2.964647445349197,48.277055218733295,3.0,easy,morning,64.75817555845764,0
1.6255011832473567,53.441033093124084,2.0,medium,morning,66.75879941997707,0
2.084490865364361,37.10910579153658,4.0,medium,afternoon,63.19955715734903,0
3.9719203219847334,61.06316504781823,2.0,medium,evening,95.95964219241225,0
3.7350815507537902,72.69369529973731,2.0,hard,afternoon,100.0,1
2.929988532196276,78.06775758757705,2.0,medium,morning,100.0,1
3.8901431736934224,61.68838992988514,,medium,morning,97.0146140827185,1
1.9569426879920206,72.48132134319201,2.0,hard,evening,84.92901276975478,0
3.573797527453146,42.54635406623111,3.0,easy,morning,83.87633841227422,0
3.2127168013667884,74.1695780007479,4.0,medium,afternoon,93.10112780306228,1
1.9935424545495153,90.2223138590127,2.0,hard,morning,,0
2.711688972929502,52.784894189196656,3.0,medium,afternoon,77.68402285137131,0
3.5077531557467636,91.04642708410753,3.0,easy,evening,100.0,1
3.48312857190474,54.88782303272491,5.0,easy,evening,70.21956312241748,0
2.124483613808465,53.31489501529762,3.0,easy,morning,68.69943632437874,0
3.5175506963901886,76.01704090060596,2.0,medium,morning,100.0,1
1.238459453107054,64.18499174146272,1.0,hard,evening,76.31168324389111,0
2.7565337158954795,32.44075846819412,4.0,hard,evening,63.03568070093711,0
3.7686812346392458,76.40477159251049,1.0,easy,morning,100.0,1
0.6912758252654178,37.61472631965711,2.0,easy,morning,51.60199514078403,0
2.2122827391260915,36.5711965770818,5.0,easy,morning,59.663765682512064,0
0.8559045833208987,38.8210053517143,4.0,medium,afternoon,42.88135716433291,0
3.1132796411314874,74.51601956282984,0.0,hard,morning,100.0,1
1.4362744180997704,26.81756784207994,2.0,medium,morning,,0
2.83964378536431,20.0,5.0,hard,afternoon,64.00515841635885,0
3.4429395635412647,56.16988272999156,3.0,hard,night,93.53810706294466,1
2.9232173274707254,90.02310185101314,5.0,hard,afternoon,93.25402096229463,1
3.4476643879450877,82.25660818959145,1.0,medium,night,100.0,1
2.965416683615467,69.2687740147308,1.0,hard,afternoon,90.1461806062306,0
3.9880685822185415,47.92741777401825,2.0,hard,night,100.0,1
2.9678602680705466,67.21906553302833,4.0,hard,morning,83.79877476940715,1
2.8673679670586436,30.84659566925908,5.0,medium,afternoon,69.89555486643741,0
0.9482315663697382,20.181919149256156,3.0,hard,afternoon,50.56408095974836,0
2.354129963367529,52.924773019482814,5.0,hard,afternoon,70.03757086012385,0
4.31388792776476,57.79207220155491,1.0,easy,evening,100.0,1
3.633291693236839,66.92188416145672,3.0,hard,evening,100.0,1
4.487042156871172,88.28579263993396,2.0,easy,evening,100.0,1
1.6862884100481002,70.33838224101356,2.0,easy,morning,78.31414508876067,1
2.6414969974300635,43.702387019699295,,hard,afternoon,71.69307970217075,0
2.267012930807439,63.86060311630384,8.0,hard,morning,59.85608904615416,0
4.367466103892896,73.00859604118283,3.0,easy,evening,100.0,1
3.4185437323064836,77.17735496701803,0.0,medium,morning,100.0,1
2.170271655809673,50.77625375908466,1.0,hard,afternoon,78.07149928853332,1
2.0335765273759123,63.224198111707835,3.0,easy,afternoon,74.69734229411458,0
2.018938771372634,54.604717593858005,5.0,medium,morning,70.74823041677055,0
2.229707997291033,51.95023178242264,3.0,hard,evening,73.34834423901113,0
2.081125361106511,46.073150745179774,4.0,medium,afternoon,65.99875378107527,0
3.1708588841047325,66.69804874886985,1.0,medium,afternoon,95.5641938884418,1
2.857316607467284,77.15466840836726,1.0,medium,morning,100.0,1
3.398694455572153,26.975105803784412,4.0,medium,morning,70.03193375517439,0
2.5138186535831952,55.805607297644656,4.0,hard,afternoon,72.95383412925263,0
3.537337952576174,74.72183142387152,1.0,medium,morning,100.0,1
4.5538994006745614,57.703801029533246,0.0,medium,evening,100.0,1
0.9530423938584002,34.143167094549696,2.0,medium,morning,58.646868368085755,0
0.5863535759597127,80.31978014330093,5.0,medium,evening,56.64256289908322,0
3.839409849979509,77.88976861403424,1.0,medium,morning,100.0,1
2.537443906968047,75.50980998654038,4.0,medium,evening,82.5397420469023,1
2.312910226126594,79.38199393331003,6.0,easy,morning,78.39612533945076,1
2.6285777485156085,67.2902491430836,1.0,medium,night,100.0,1
3.75533439224237,91.64088066171831,0.0,easy,evening,100.0,1
3.2652759778527445,93.0489598722,0.0,medium,morning,100.0,1
3.61765683381448,58.62649406313572,1.0,medium,night,100.0,1
1.6885253057941993,42.9559930765775,5.0,hard,evening,48.684406759564204,0
2.6177548728555284,78.59508672123897,3.0,medium,afternoon,98.11309944576087,1
3.466148852013112,41.933889384023566,4.0,medium,evening,85.6294813625313,0
2.988663692223506,88.80926763791777,,hard,afternoon,,1
,60.98696861549077,4.0,hard,afternoon,52.19479343570536,0
2.308946197549896,43.53528295548785,3.0,medium,afternoon,66.4299041226689,0
,98.9987123762382,1.0,hard,afternoon,100.0,1
1.3915803912485405,61.13172121938319,5.0,easy,morning,,0
3.1768657309805794,75.43651869217258,2.0,medium,evening,100.0,1
,95.42282200123135,3.0,medium,morning,100.0,1
4.029244319634483,64.18129841253574,3.0,medium,afternoon,100.0,1
3.8155607243471317,67.80346300244233,4.0,hard,afternoon,100.0,1
2.887574897970503,44.74285587388671,1.0,easy,afternoon,78.33095937747049,0
2.590999430585355,66.18257073950639,5.0,medium,morning,80.96213089275989,0
3.0014321074613113,81.46505864578154,3.0,easy,morning,100.0,1
2.8306138833840864,64.34636976044224,1.0,hard,evening,98.00568387607585,1
2.4206519666853694,41.064153466469804,5.0,hard,morning,75.77846579630369,0
0.5073834801104434,54.97207113829314,2.0,medium,morning,50.29128812571421,0
3.016974435610462,52.858555834096876,,medium,morning,90.31259624701926,1
0.5,53.41482186925923,6.0,hard,morning,32.95830159784213,0
4.24419950452883,84.05044194041852,2.0,medium,morning,100.0,1
1.8198065352434316,58.7237251361061,2.0,easy,morning,66.75001180686473,0
2.739570065268674,28.639232742401802,4.0,easy,morning,60.40725398140317,0
1.898177252812876,42.4655420389819,6.0,medium,afternoon,52.9550321481274,0
2.422119447086507,57.83796189583581,4.0,medium,morning,72.44304508548386,1
2.31835568838188,47.33851451612721,3.0,medium,evening,70.5112800315457,0
1.0187770983424307,62.5941442490442,5.0,medium,evening,44.83362895503722,0
2.6696554530549066,69.3195013316173,1.0,medium,night,100.0,1
3.4121330173112336,65.45198806827564,3.0,hard,afternoon,,1
4.2468008214219655,69.56456737484774,1.0,medium,morning,100.0,1
3.741706685533579,82.89008136788594,3.0,easy,afternoon,100.0,1
3.471770055338996,48.78510589964221,,hard,afternoon,70.72882146502553,0
4.31199377374619,64.73784152380466,4.0,medium,evening,100.0,1
2.7856221575632616,57.00400883762318,3.0,hard,morning,83.6664264194283,1
2.7008520729254566,82.55664944237836,2.0,medium,evening,81.67072321535363,1
3.3894020363907433,74.371632133009,1.0,easy,evening,100.0,1
4.125717612953767,61.921952609605206,1.0,medium,evening,100.0,1
3.6789557501263213,85.85844041681274,2.0,medium,evening,,1
3.6994791650456653,96.41078904989493,2.0,medium,afternoon,100.0,1
1.719521564750539,56.885007750835754,1.0,hard,evening,74.22633840719516,0
3.460270412567563,52.79654794942923,6.0,medium,afternoon,87.8499548381205,1
1.9408664385929382,55.54905718889708,7.0,medium,afternoon,66.93650325068947,0
2.8605562165325447,85.07538353629862,2.0,hard,night,96.31080360110447,1
4.353166996524183,96.71790263185565,3.0,medium,night,100.0,1
4.203591092075668,57.22205843899477,4.0,hard,evening,100.0,1
2.2254417026633044,71.35437716286397,2.0,easy,morning,77.70377688006933,0
2.738011565534124,34.16899639773366,3.0,easy,afternoon,75.14117516722872,0
2.9953739394859604,90.24675402438375,1.0,hard,evening,100.0,1
3.01553874844667,63.0919035014885,3.0,easy,morning,77.52059453831734,0
,46.46809400968274,5.0,medium,morning,,0
2.0883902532893623,61.55823545572317,3.0,easy,morning,75.0390715699031,0
3.7664618927959026,70.22749105283403,3.0,hard,afternoon,100.0,1
2.4118892461536654,74.62300664404479,2.0,medium,afternoon,95.69665861390006,1
3.1694610646094343,85.82359904456844,3.0,easy,morning,100.0,1
2.7910309334594325,63.619690003125456,1.0,easy,afternoon,100.0,1
1.6636229423221565,26.648969383386884,5.0,medium,evening,52.21879149008987,0
4.247050352459622,48.321211527523744,4.0,easy,afternoon,85.52296977232926,0
2.841513931748047,36.852315842992596,5.0,medium,morning,68.23140411153629,0
,68.57523658053391,,easy,afternoon,73.1469291323436,0
2.797886078946451,77.2556244691732,2.0,medium,morning,100.0,1
1.4384570754114387,61.01838027364138,5.0,easy,morning,57.566966221065904,0
3.7225169493226393,63.68685356525238,1.0,medium,evening,100.0,1
3.4027138810364908,80.8786505552625,3.0,medium,evening,100.0,1
3.9857038679793684,71.22242991217472,4.0,medium,evening,100.0,1
3.2324681638755077,40.64258269069757,5.0,medium,morning,64.24236891946244,0
2.85165164999065,50.051473739252245,2.0,medium,morning,91.56131533217112,1
2.852215095130136,49.565108170460576,1.0,medium,evening,87.4629235984087,0
1.9384986448948045,69.34580868851742,3.0,medium,evening,,0
3.3552070416492326,43.807903431314685,1.0,easy,morning,100.0,1
2.5195761844701554,67.61244752224529,8.0,hard,evening,69.13411286047017,0
2.743463035417339,62.44161157763591,2.0,medium,night,83.13789768826797,0
4.887608887011936,80.54715597920448,0.0,medium,evening,100.0,1
3.6750466821158168,79.36665398236642,1.0,hard,afternoon,,1
,74.65231426468458,2.0,medium,evening,100.0,1
3.5732306563950114,95.19082443136715,5.0,medium,evening,100.0,1
2.6977124072381935,78.5599796761464,5.0,easy,morning,87.49713659363658,1
,53.61732482344672,3.0,hard,afternoon,73.5193870688956,0
2.8691552433359537,44.14601758430704,0.0,medium,afternoon,98.12546083209178,1
1.8257810429916415,37.30824184053818,3.0,hard,morning,68.88971359049798,0
3.8219013665582358,38.877772137169984,8.0,hard,morning,66.69733802083287,0
2.390414759263279,57.35172675113773,5.0,easy,afternoon,70.0222996029638,0
2.582071783896315,59.813710917822604,1.0,medium,night,98.50712345932504,1
2.3660816357242553,75.41795556939502,3.0,medium,afternoon,83.31553162921956,1
2.209757317813426,65.2915840663397,2.0,easy,evening,92.25693404001437,1
3.4173686107157275,50.946574808198484,2.0,hard,morning,94.67359729323901,1
4.66475951674233,74.29302677258251,4.0,hard,evening,100.0,1
2.9390251776289387,46.32555417290881,4.0,easy,evening,,0
1.9029595222085296,48.740507729771494,3.0,medium,morning,60.741651864470555,0
2.65384124100549,62.21621543865568,4.0,easy,evening,71.69767677053541,0
,69.70128592767892,3.0,hard,morning,99.33025864911973,1
3.6948065220687116,81.85408589040402,4.0,easy,afternoon,100.0,1
1.8322386507140445,90.08276095859128,1.0,medium,afternoon,,1
2.773931458942171,75.05633470026639,4.0,hard,morning,96.21312668168633,1
3.188166188557551,52.44080949562536,2.0,medium,evening,,0
2.2103388171276874,32.05539197546054,6.0,medium,afternoon,57.08229604167577,0
2.8606726068343207,54.18097986796354,1.0,hard,evening,91.53159654034397,0
2.1809704977635485,35.24676239453788,1.0,medium,afternoon,65.10148535656063,0
2.175336174050643,54.786578974095384,5.0,easy,morning,66.67740914650169,0
2.8335718348694128,70.27718476309292,0.0,medium,afternoon,100.0,1
1.9382105270381318,80.35881206532129,0.0,medium,evening,100.0,1
1.746148493822021,50.12064690711169,5.0,hard,evening,61.28125858611046,0
4.061729024773293,78.31199051387652,1.0,medium,afternoon,100.0,1
1.3334474289867078,50.51303405042009,4.0,easy,evening,53.99904443554348,0
3.8229314406838797,56.84775956743942,1.0,easy,evening,100.0,1
1.7848954581679797,45.55703393522845,3.0,medium,morning,67.72272327022364,0
0.9788960529858091,48.755618495120736,3.0,hard,morning,62.36103862407957,0
3.481923443733982,47.63070242809583,7.0,easy,morning,71.98898381002161,0
1.1911574909462967,59.67731519952672,3.0,hard,evening,69.82586699660733,0
2.949920484050865,55.66608113409444,5.0,hard,morning,78.60529188367067,0
2.5851078994603482,40.17469306379297,6.0,medium,afternoon,66.88051426320605,0
1.3557715193768405,45.31310364301274,2.0,medium,morning,64.55033568733177,0
1.7745020937656613,29.235655726727977,2.0,medium,afternoon,67.08220317984107,0
1.421819814954316,54.48283772356666,2.0,easy,morning,68.5295333899815,0
4.418714903079317,84.96638523128107,0.0,medium,afternoon,,1
,61.131453996959735,1.0,easy,afternoon,91.038634051971,1
3.063911860278888,90.3186844305386,2.0,hard,morning,100.0,1
2.417491945787908,71.5565926751385,2.0,easy,afternoon,100.0,1
,69.01516614377337,1.0,hard,night,100.0,1
0.5,60.976796158337145,3.0,medium,afternoon,44.438130567246205,0
2.796821996305963,72.14206745757211,2.0,hard,morning,87.75503159053282,1
1.8797808347510736,36.770436804501166,4.0,hard,morning,61.60022669135498,0
3.0397366642051127,68.97450774144511,2.0,easy,afternoon,100.0,1
4.527333135851452,78.38640117505543,3.0,hard,evening,100.0,1
4.0001581739225385,70.75191890169691,2.0,hard,afternoon,95.88596146061468,1
3.116002099498938,39.62802480475352,2.0,hard,evening,100.0,1
3.087757120459355,67.73940016065103,1.0,medium,afternoon,93.10542097377007,0
3.900735900817085,71.33134113676876,2.0,easy,morning,100.0,1
4.056427687206858,92.16967589686108,3.0,hard,evening,100.0,1
2.447318735226827,55.57747091516336,,medium,afternoon,,1
3.2099979830588907,89.25601561740977,,medium,evening,100.0,1
2.4480008504125736,78.60532817255668,0.0,easy,evening,,1
3.5958573592339826,66.97014550573473,0.0,easy,evening,100.0,1
2.1103054434943536,71.30755789981318,,hard,evening,81.84765877347516,1
,67.45953459377057,2.0,easy,evening,100.0,1
3.0255185270748743,42.911194194571614,,easy,evening,84.20600850060208,0
3.2590988938549126,75.29507060382701,5.0,hard,morning,100.0,1
3.429480310575628,66.33760593536284,4.0,easy,evening,93.9678305222258,1
3.029347478984553,46.63167377528912,0.0,hard,night,,0
2.441792326920581,86.7333162412663,4.0,medium,evening,96.46825752865944,1
2.638777304873348,48.21422701801839,5.0,easy,morning,74.141086294011,0
,60.21544959294987,1.0,easy,afternoon,86.65052010646112,0
1.2567968172499684,75.947929805422,7.0,medium,morning,61.42303957603492,0
3.37584946137315,64.6275206375979,,easy,afternoon,,1
,32.24966281540211,5.0,medium,afternoon,51.660231189873265,0
3.352738319859941,83.69404947118454,2.0,easy,evening,100.0,1
3.9044371497937824,65.29810542197654,6.0,medium,evening,98.74553422919196,1
3.052768019998576,89.03020947568635,2.0,hard,evening,100.0,1
1.0983371927842545,39.58988436205989,3.0,easy,afternoon,53.55566398506367,0
2.3135436496132273,86.4386239841736,,hard,afternoon,93.06990259236362,1
4.546773848781049,72.50062591707913,1.0,medium,evening,100.0,1
2.5002623050248167,57.09851670094659,4.0,medium,morning,70.36016467694783,0
3.7431391070980182,70.79547537051158,1.0,easy,evening,100.0,1
4.63196068278661,90.5023920248801,1.0,medium,evening,100.0,1
2.275069451249683,38.29120146722506,2.0,hard,afternoon,72.08800570281406,0
3.088533550740569,73.79202343946822,0.0,easy,morning,100.0,1
1.6623921057245097,21.604867373996882,5.0,easy,evening,48.97616726319987,0
3.33819421167867,56.08377277124044,6.0,medium,morning,92.45794294848106,1
3.726421723794373,68.86747553751768,5.0,medium,morning,93.85758416913419,1
1.6976661889625912,35.7900910363546,4.0,medium,evening,55.211079435434065,0
,33.932510593901924,0.0,hard,afternoon,88.28924946241558,0
3.4346293365631744,82.20951800898115,3.0,easy,night,100.0,1
4.177686520453755,90.36801577295476,4.0,easy,morning,100.0,1
2.856961737818756,72.45060900173992,2.0,hard,evening,100.0,1
0.9214513636906378,44.222398985933765,1.0,medium,afternoon,51.80327498767556,0
2.8941271907913366,47.312812953460394,,hard,afternoon,76.85344584390624,0
0.9742162533328632,45.37052589094539,8.0,hard,morning,33.988008136676406,0
1.3882650056304766,47.49854887413686,4.0,medium,afternoon,59.18698150879221,0
2.380282561502077,39.92036297074767,3.0,hard,morning,84.69025280257182,1
2.7556078593795545,72.6945401049801,2.0,medium,evening,96.9090535952943,1
2.3462587240584973,61.49792289035591,2.0,medium,afternoon,73.51608608921123,0
1.9034920217517306,48.36118290912036,3.0,medium,afternoon,62.5133485484962,0
3.1474369750555558,89.26100946172662,1.0,easy,evening,100.0,1
3.9517248517244012,65.37632168032384,1.0,medium,evening,,1
3.804487459191918,91.80941982944522,,easy,afternoon,100.0,1
3.4212731724542995,51.20670683584554,3.0,medium,morning,94.14326209504237,1
5.0599595135121636,77.92294450119805,0.0,easy,evening,100.0,1
4.241880096913546,92.4225669643548,2.0,hard,afternoon,100.0,1
3.5415204099400803,95.53617271036694,4.0,hard,evening,93.07465957331911,1
4.013923811259944,54.523481430022315,2.0,easy,afternoon,96.61562096375916,1
3.598025250577136,74.73489947164997,1.0,medium,evening,100.0,1
5.309762802920352,65.15150269537924,0.0,hard,evening,100.0,1
2.9430551228654416,47.98089892901734,0.0,medium,evening,91.63209861584728,1
4.273277251424956,70.75325733092454,0.0,medium,morning,100.0,1
4.342499942768285,55.56722337961229,4.0,easy,evening,100.0,1
3.255954880489745,89.84541027337038,4.0,medium,morning,97.6664026771639,1
,62.33044113609052,6.0,easy,afternoon,73.14698474274967,0
4.010432819300324,49.88472325055716,4.0,easy,morning,87.20666724360223,0
2.613488133937039,78.4398587975408,1.0,easy,evening,99.28478593003143,1
0.8372303463384869,36.54321670369363,4.0,medium,morning,53.41512554695528,0
4.057847062947821,90.39741100295508,1.0,easy,evening,100.0,1
2.1518064429486947,62.05677717914894,5.0,easy,morning,70.52407344914936,0
2.4204963921774905,72.85870943859878,7.0,easy,evening,76.98935196315632,1
1.2896586227229772,70.71853121060263,0.0,hard,night,65.885294620102,0
3.574162882186117,77.77530012664111,3.0,medium,morning,100.0,1
,67.89115591303812,0.0,medium,morning,96.63668104179946,1
3.767136068283758,75.15487245160564,2.0,hard,afternoon,100.0,1
3.631222253314458,66.22389108346945,0.0,hard,evening,100.0,1
3.489019868910519,67.30611908955328,2.0,medium,afternoon,100.0,1
,68.87367161026611,2.0,hard,evening,100.0,1
2.620223047993595,36.30284962978973,5.0,hard,afternoon,63.07057123624938,0
2.5095477821008094,96.68787512930454,2.0,medium,morning,100.0,1
,65.38827339048227,5.0,medium,evening,85.97577622793298,0
2.8035356739686152,67.32166414262026,,medium,morning,85.47886874376485,1
3.6525502041511624,68.87216180996796,2.0,hard,morning,94.77573741348297,1
3.986079148977668,46.4998570130924,1.0,medium,afternoon,100.0,1
3.3204130925481516,49.20886912655604,4.0,medium,afternoon,89.34642252044566,0
4.730420348075473,48.986694333456164,3.0,easy,afternoon,100.0,1
2.0547381579778135,66.8292445469741,1.0,medium,morning,85.36120923370298,1
1.206056720318038,52.278994582198536,5.0,medium,morning,60.74047028191726,0
1.9085079549216286,30.784263116928056,7.0,hard,morning,57.81277137032705,0
1.7658142389751896,82.87676172055725,3.0,medium,night,97.30087475054282,1
2.1301573843843764,49.38869292698811,1.0,hard,morning,72.80239581054126,0
3.661908488504789,55.442418603098865,2.0,easy,afternoon,88.52474181123868,1
3.0507730163934443,87.0788700044895,3.0,medium,morning,90.2918049526001,1
0.6622871165298151,68.18844317701816,4.0,hard,evening,49.24423236231731,0
2.403828167826444,41.56228297460106,,hard,afternoon,65.92862692491083,0
2.3235475006979875,87.35915466913269,2.0,hard,afternoon,92.30871384635904,1
5.16097043668988,56.737070279056894,1.0,medium,evening,100.0,1
3.374637554204508,78.65643937176557,0.0,medium,afternoon,100.0,1
2.029599883326481,56.77749207009836,3.0,easy,morning,87.75519797332508,1
2.475897339122819,102.4358420346234,1.0,hard,morning,100.0,1
3.2830060229722826,62.42039316531916,4.0,hard,afternoon,97.03819585041909,1
4.3379261677589405,67.39672231800158,3.0,hard,evening,100.0,1
3.0954803674999134,70.09334282407322,1.0,hard,morning,,1
3.192465255069617,71.40787519695412,7.0,medium,morning,72.15002499446749,0
3.7904144429892566,58.45737725364462,1.0,medium,morning,100.0,1
3.4847000675956057,67.4242704121341,1.0,easy,morning,100.0,1
2.517677760912341,77.316591151498,1.0,medium,evening,100.0,1
,55.46762172645699,1.0,hard,evening,78.95460299431089,0
2.9867857655353616,85.52843824118129,1.0,medium,morning,99.13107789374102,1
2.666590459313527,62.1933684996019,3.0,medium,afternoon,76.79819563424884,0
2.088437595143155,31.32603234827005,,medium,morning,58.44964555332215,0
2.6100449491280955,56.971423249652204,1.0,medium,morning,95.60577024010499,1
2.9587416998753295,72.21558909860002,1.0,medium,afternoon,100.0,1
0.989907406111746,37.49054175323374,3.0,medium,afternoon,58.92230364149216,0
2.5771237802482356,49.516121867345504,3.0,medium,afternoon,70.53646729328491,0
2.3369805788804663,36.56813367137018,6.0,medium,evening,61.749227695375495,0
3.3337337414407573,74.96261151659124,1.0,medium,evening,100.0,1
2.1053810768158394,43.768679281147136,3.0,easy,morning,58.393680086296,0
2.3694578089218474,48.488698271176055,3.0,hard,evening,75.87411363596375,0
3.824780135047834,69.12728181076669,3.0,medium,morning,100.0,1
3.20814693268614,31.650344543273153,0.0,hard,night,78.62486310968873,0
4.068760447477451,38.62539330456586,0.0,easy,morning,100.0,0
2.9052839416137815,46.227240697658225,4.0,hard,morning,79.27837302633831,0
4.100830017525672,69.94124619607955,2.0,easy,afternoon,100.0,1
3.309672731606852,21.257844808700206,7.0,medium,morning,66.21042044853598,0
4.432395035950582,84.25429949279405,3.0,medium,evening,100.0,1
2.9701030869475034,39.5120285875034,4.0,hard,morning,,0
1.6364657058555956,54.29331889742687,3.0,hard,evening,71.62376639679287,0
1.9149345258164319,79.63029116735669,6.0,medium,night,77.93937952867702,0
3.347125556179801,44.26383961119316,5.0,medium,night,71.84740763435428,0
2.0962666298027526,64.75396602512642,1.0,hard,evening,88.31305397617199,1
1.8569074858872614,38.442749889478584,3.0,easy,evening,56.6343429820048,0
3.9414620396308306,61.968014742777,2.0,easy,morning,100.0,1
2.8178652004673204,62.998894192146864,5.0,easy,afternoon,87.86567949847779,1
,83.3307441416684,1.0,hard,evening,100.0,1
2.513358686023136,77.00441377231375,6.0,easy,afternoon,82.95189975522527,1
2.00804638480887,47.2578816277991,2.0,hard,morning,64.20597108584991,0
3.7738619120900014,65.81227692377627,1.0,medium,night,,1
1.4660126496860015,61.27931443477462,2.0,medium,afternoon,66.06638270069386,0
2.06216651250103,86.69649691278094,3.0,medium,evening,75.6007309670893,0
1.8039185246677718,62.59230132235453,2.0,easy,afternoon,66.80001726239142,0
1.7157074902856726,47.91097019836636,1.0,easy,evening,68.03889283698723,0
2.9393634668912982,39.80525740370196,4.0,hard,night,76.1899964615073,0
2.730964120165086,41.88353005457971,3.0,easy,afternoon,63.1623052468117,0
3.9316311800844908,84.43300519611621,0.0,hard,morning,100.0,1
0.9175995292523089,25.699431002638327,4.0,easy,evening,36.93938270257575,0
2.254298510591883,69.83336725401021,3.0,medium,evening,83.10256167595396,1
2.227080162654631,34.5153249222405,2.0,medium,morning,70.21001948601142,0
3.2941471119721224,53.165784947448074,3.0,medium,night,94.3805795108499,1
2.779339706614036,55.29599278041171,5.0,medium,morning,77.97688691966424,0
3.4476115322290166,72.70829071341298,1.0,hard,afternoon,100.0,1
,55.030620597669895,3.0,hard,evening,90.82817559268271,1
2.7853593958102176,63.03322951087408,2.0,easy,morning,100.0,1
2.7529832407577137,56.748850654904146,4.0,easy,night,80.21700077995938,0
3.371450048978273,52.184888264286016,1.0,medium,night,100.0,1
3.5476360330269614,43.40944177727122,5.0,easy,evening,75.0572697204438,0
3.637901804465959,60.72555974782115,2.0,easy,evening,93.54366980513839,1
1.7652575222498676,26.70840054542555,2.0,medium,afternoon,59.63865092507644,0
1.9543085987246813,33.668573951828115,2.0,hard,evening,64.56100020543238,0
3.972849546928476,63.33038657117409,1.0,easy,afternoon,100.0,1
3.7523359870014454,66.82670496874533,1.0,medium,morning,100.0,1
3.168212714891938,61.284913369738064,5.0,hard,night,89.65188833411983,1
,42.19939423753106,2.0,medium,morning,79.55196308487209,0
1.9241477249527597,63.09820745812976,2.0,easy,morning,67.71351398093573,0
2.2517401061644593,58.24527071140703,5.0,medium,evening,69.81242556598907,0
2.696690615733453,66.01896047431336,4.0,easy,evening,95.12159059182619,1
2.372457827718064,58.278228652366344,3.0,medium,afternoon,79.41886155503214,1
2.4220463820454126,54.28026989621043,6.0,medium,night,56.907659846243256,0
2.75610869624592,84.62077144906235,0.0,medium,morning,100.0,1
3.862487832420618,20.0,8.0,medium,evening,64.60645791552692,0
4.790189658226388,76.5167902070337,4.0,medium,afternoon,100.0,1
4.665493793639873,78.75797397868689,2.0,medium,afternoon,100.0,1
2.1693580731298883,46.792376436610574,2.0,easy,evening,84.10985495088242,0
3.6041367415493797,58.23012432339474,1.0,hard,afternoon,100.0,1
1.6782193041778874,41.895715991615965,0.0,hard,morning,62.60090228097746,0
1.288561481593324,60.35983892413609,5.0,medium,evening,,0
3.5904506379314447,86.84906790610155,1.0,easy,morning,100.0,1
3.257233108964714,70.33179166529213,2.0,medium,evening,100.0,1
3.95382208869418,74.01590059530017,3.0,medium,night,100.0,1
2.308085931532316,37.77664141924854,3.0,medium,evening,74.60845548143224,0
1.6522700024030068,47.134789240105846,2.0,hard,afternoon,65.52206919302752,0
1.4075610976058683,62.96799857458789,5.0,hard,evening,70.28915899148934,0
3.747701900414583,103.68361376850308,2.0,medium,evening,100.0,1
2.972263360063105,84.86586582386033,3.0,easy,morning,97.78689990956957,1
2.861820738875554,54.28330547924903,1.0,medium,evening,73.93161783129493,0
3.3879441587227346,69.79408966172555,4.0,hard,afternoon,87.30182046184918,0
1.1106207046640455,57.26761010053974,4.0,medium,morning,60.80615619101791,0
2.0892956059469427,35.64189038469867,5.0,medium,night,63.32425314153674,0
2.181401262020777,26.38881059116726,4.0,hard,afternoon,59.351369527374686,0
3.129122789379041,73.21803021223069,2.0,medium,afternoon,95.63725450436934,1
4.622036489609942,84.28542819756103,1.0,medium,afternoon,,1
4.183507185300773,41.30215819008849,8.0,medium,afternoon,63.14913716846719,0
2.6491352227432454,78.96492496816714,1.0,medium,evening,99.73542125816279,1
1.6777242598899413,35.538254656898964,0.0,easy,night,61.19005794238637,0
1.1004666816160174,46.529707497789424,7.0,medium,afternoon,44.75649530242933,0
3.720587702530671,56.89365570839051,3.0,easy,afternoon,91.19900670325617,0
3.8516145019477315,60.02078851251565,4.0,medium,evening,100.0,1
1.1950229973647668,43.99270036962036,8.0,medium,afternoon,34.97155375974079,0
,50.24761868181593,0.0,medium,afternoon,88.8966830135107,0
4.01874781666642,33.73239940705434,2.0,hard,morning,87.63877584764863,0
4.705491628453449,68.29507868733364,3.0,medium,night,100.0,1
4.864445567736543,68.01789144085248,5.0,hard,afternoon,100.0,1
3.9079273764217155,95.89113748756172,4.0,medium,evening,100.0,1
3.6180192822145343,76.42568821828293,5.0,hard,afternoon,100.0,1
2.488099549003549,56.519820458221034,5.0,medium,evening,75.4467119407926,0
4.091370496376896,76.42268998389358,2.0,easy,night,100.0,1
1.309792475815455,94.43494560368438,2.0,medium,morning,83.00783216818259,1
4.858210131453303,84.75927776334103,2.0,medium,afternoon,100.0,1
1.7986011173412304,47.827743993733634,4.0,hard,evening,70.55184974555297,0
3.2275150394012844,79.90631537496805,1.0,medium,evening,100.0,1
1.8297197037596584,47.10979305126401,6.0,hard,evening,63.291141554174004,1
3.5004568552109308,88.16054106478744,2.0,hard,morning,100.0,1
4.309656245630624,50.8645583281636,2.0,hard,afternoon,100.0,1
2.1368465709070876,26.813913582569647,3.0,hard,night,67.62899093084337,0
4.586144151229735,71.44886001372686,0.0,easy,morning,100.0,1
3.3589915412123728,55.764911342360755,0.0,medium,afternoon,96.68907591902574,1
1.752891571917386,62.34624332580455,6.0,hard,afternoon,57.7443071969232,0
3.9351783017017614,77.2019617386259,1.0,medium,night,100.0,1
2.430855858835701,71.9135372414534,1.0,hard,morning,100.0,1
2.0871331837608156,37.95902566811623,6.0,hard,morning,60.97157216352997,0
2.365216910786782,23.79654943761612,0.0,medium,afternoon,65.65887229841074,0
3.2470385991493758,79.86127557954647,1.0,medium,morning,100.0,1
3.6698061276443776,61.80565491008207,4.0,hard,morning,100.0,1
3.6772926455012223,59.39795747433816,1.0,medium,evening,100.0,1
1.3184680122508081,24.65842323964561,6.0,medium,afternoon,41.42755854986941,0
2.556310543919004,73.40111118837127,5.0,medium,morning,70.02926798251694,0
,56.54584082151396,4.0,medium,afternoon,67.43718496289002,0
2.840002720542107,55.079399097264094,2.0,medium,afternoon,70.18012752918604,0
1.4035046177398574,45.836251634691834,3.0,hard,evening,56.664324381203,0
1.7141849922898915,66.55549327850633,5.0,medium,afternoon,61.79685242217835,0
4.9066752114814145,62.139911907767654,5.0,medium,evening,,1
2.391045221790696,40.556930100486,3.0,hard,afternoon,81.40849293801672,0
2.207785927736256,53.71249424409413,2.0,medium,evening,80.18983095118591,0
4.779084414748156,74.57224180938425,,medium,morning,100.0,1
3.1817654097020363,38.29283863180349,,easy,evening,74.04597573880608,0
2.4288252499765943,31.46067560349047,2.0,medium,morning,70.8114051001567,0
2.1531728439871567,61.79381502387206,1.0,easy,evening,77.53370415959871,0
4.520318330082265,80.29374191621798,1.0,medium,morning,100.0,1
0.5,33.46286362850057,3.0,medium,afternoon,36.9998511458601,0
3.14098553116328,54.818672529956196,1.0,medium,morning,100.0,1
1.368583323836844,55.82791400093284,4.0,medium,afternoon,58.86591212579262,0
3.399523190396586,52.624541133352906,0.0,medium,morning,97.03412365478339,1
,62.31693228176865,2.0,medium,morning,95.40535974386427,1
3.583199934834836,55.64938363141231,5.0,medium,morning,76.15347274326795,0
2.6568642078884506,32.282021508110404,4.0,hard,night,60.6478862562183,0
0.8844312036175711,33.77940718349682,1.0,medium,morning,55.74555989878828,0
3.7859549487359025,47.7297863295353,4.0,hard,morning,90.90086304683864,0
0.7701426118330308,49.09817851885869,2.0,hard,evening,58.381431699993556,0
0.5,64.52250775593178,,easy,evening,47.678752447106994,0
1.2594640367813636,64.63139179016773,2.0,easy,afternoon,62.2057374132809,0
2.2870047718303277,47.872904913118575,5.0,medium,morning,57.24180507227215,0
2.970904003071227,54.5075341138669,1.0,hard,morning,90.37205930699568,1
2.845891778909596,27.244887970589467,3.0,easy,morning,60.78434103357535,0
3.8487275831995396,81.71441916354772,1.0,easy,morning,100.0,1
1.3018637306392784,57.546638765631975,1.0,medium,night,64.1204792062205,0
1.0953708870721315,63.23726234581113,4.0,medium,night,64.31847033184056,0
3.4149195312116984,58.251938623760445,6.0,easy,morning,77.35234682223584,0
3.1484189381166003,51.79057259185763,3.0,hard,evening,85.56859022317921,1
2.1587645616873967,56.291838474158105,1.0,medium,afternoon,78.40572268492558,0
2.672613532774102,58.29163931431622,3.0,medium,evening,76.57980101010104,0
